company_name;company_address;company_socials;company_contacts;company_urlPAN Personalvermittlung & Beratung;;https://www.facebook.com/PANBeratung,#,https://twitter.com/PANBeratung,#;"+49 (0) 30 / 52 68 59 21,https://www.pan-beratung.de,document.writeln('<a href=""mailto:info'+'@'+'pan-beratung.de"">info'+'@'+'pan-beratung.de</a>');,,";
PAN Personalvermittlung & Beratung;;https://www.facebook.com/PANBeratung|#|https://twitter.com/PANBeratung|#;"+49 (0) 30 / 52 68 59 21|https://www.pan-beratung.de|document.writeln('<a href=""mailto:info'+'@'+'pan-beratung.de"">info'+'@'+'pan-beratung.de</a>');||";
ABALON Recruitment GmbH;;https://www.facebook.com/Abalongroup|https://www.instagram.com/abalon_group/|https://twitter.com/ABALON_IT|#;"089 - 12 50 34 60|https://www.headhunter-it.com|document.writeln('<a href=""mailto:info'+'@'+'abalongroup.de"">info'+'@'+'abalongroup.de</a>');||||";
PAN Personalvermittlung & Beratung;;https://www.facebook.com/PANBeratung|#|https://twitter.com/PANBeratung|#;"+49 (0) 30 / 52 68 59 21|https://www.pan-beratung.de|document.writeln('<a href=""mailto:info'+'@'+'pan-beratung.de"">info'+'@'+'pan-beratung.de</a>');||";
StaffShiP UG;;#|#|#|#;"+49 (0) 69/ 264 958 64-0|https://staffship.de|document.writeln('<a href=""mailto:support'+'@'+'staffship.de"">support'+'@'+'staffship.de</a>');|";
Conciliat GmbH;;https://www.facebook.com/pages/Conciliat-GmbH/282859721792994?fref=ts|#|https://twitter.com/ConciliatGmbH|#;"07 11 / 22 45 18 0|http://www.conciliat.de|document.writeln('<a href=""mailto:stuttgart'+'@'+'conciliat.de"">stuttgart'+'@'+'conciliat.de</a>');|||";
mh Recruitment;;https://www.facebook.com/mhrecruitment|#|https://twitter.com/mh_Recruitment|#;"030 23952819|https://www.mh-recruitment.de|document.writeln('<a href=""mailto:info'+'@'+'mh-recruitment.de"">info'+'@'+'mh-recruitment.de</a>');|";
MIGAVIS International;;#|#|#|#;"+49 (030) 258 188 85|http://www.migavis.de|document.writeln('<a href=""mailto:kontakt'+'@'+'migavis.de"">kontakt'+'@'+'migavis.de</a>');||";
Conciliat GmbH;;https://www.facebook.com/pages/Conciliat-GmbH/282859721792994?fref=ts|#|https://twitter.com/ConciliatGmbH|#;"07 11 / 22 45 18 0|http://www.conciliat.de|document.writeln('<a href=""mailto:stuttgart'+'@'+'conciliat.de"">stuttgart'+'@'+'conciliat.de</a>');|||";
NELEX AG;;#|#|#|#;"+49 (0) 221-170 42 140|https://www.nelex.ag|document.writeln('<a href=""mailto:info'+'@'+'nelex.ag"">info'+'@'+'nelex.ag</a>');|";
Cyforwards GmbH;;#|#|#|#;0151-58863928|http://cyforwards.de|||;
CAISSA Global;;https://www.facebook.com/caissaglobal/|#|https://twitter.com/caissaglobal|#;"+49 (0)30 55235980|https://www.caissa-global.com|document.writeln('<a href=""mailto:info'+'@'+'caissa-global.com"">info'+'@'+'caissa-global.com</a>');||||";
CAISSA Global;;https://www.facebook.com/caissaglobal/|#|https://twitter.com/caissaglobal|#;"+49 (0)30 55235980|https://www.caissa-global.com|document.writeln('<a href=""mailto:info'+'@'+'caissa-global.com"">info'+'@'+'caissa-global.com</a>');||||";
PAN Personalvermittlung & Beratung;;https://www.facebook.com/PANBeratung|#|https://twitter.com/PANBeratung|#;"+49 (0) 30 / 52 68 59 21|https://www.pan-beratung.de|document.writeln('<a href=""mailto:info'+'@'+'pan-beratung.de"">info'+'@'+'pan-beratung.de</a>');||";
Zeel GmbH;;https://www.facebook.com/Zeel-GmbH-Profis-im-Personal-256224434559350/|#|https://twitter.com/zeel_gmbh|#;"+49. 89. 189 04 67 - 0|https://zeel.ag|document.writeln('<a href=""mailto:muenchen'+'@'+'zeel.ag"">muenchen'+'@'+'zeel.ag</a>');||||";
4freelance recruitment eG;;#|#|#|#;"+49-89-21550589-1|document.writeln('<a href=""mailto:kontakt'+'@'+'4freelance.de"">kontakt'+'@'+'4freelance.de</a>');|";
1a-Ärztevermittlung;;#|#|#|#;"+49 (0)341 - 31 95 78 60|https://www.1a-aerztevermittlung.de|document.writeln('<a href=""mailto:info'+'@'+'1a-aerztevermittlung.de"">info'+'@'+'1a-aerztevermittlung.de</a>');|";
ABALON Recruitment GmbH;;https://www.facebook.com/Abalongroup|https://www.instagram.com/abalon_group/|https://twitter.com/ABALON_IT|#;"089 - 12 50 34 60|https://www.headhunter-it.com|document.writeln('<a href=""mailto:info'+'@'+'abalongroup.de"">info'+'@'+'abalongroup.de</a>');||||";
Solt.Group GmbH;;#|#|https://twitter.com/SoltGroup_de|#;"+49 711 997 578-0|http://soltgroup.de|document.writeln('<a href=""mailto:info'+'@'+'soltgroup.de"">info'+'@'+'soltgroup.de</a>');|";
rise PERSONALBERATUNG;;https://www.facebook.com/risePersonalberatung|#|https://twitter.com/rise_Personal|https://plus.google.com/+Rise-personalberatungDe;"02244 901390|https://rise-personalberatung.com|document.writeln('<a href=""mailto:public'+'@'+'rise-personal.de"">public'+'@'+'rise-personal.de</a>');|";
headwaypersonal;;https://www.facebook.com/headwayaustria?fref=ts|#|#|#;"+49 (0) 871 / 97 52 8-0|www.headway-personal.com|document.writeln('<a href=""mailto:info'+'@'+'headway-personal.com"">info'+'@'+'headway-personal.com</a>');||||";
PMC International AG;;#|#|#|#;"06102 / 55 99 0|http://www.pmci.de|document.writeln('<a href=""mailto:frankfurt'+'@'+'pmci.de"">frankfurt'+'@'+'pmci.de</a>');||||";
BRENNER-TEKATH Personalberatung;;https://www.facebook.com/Brenner-Tekath-Personal-und-Unternehmensberatung-1772674402978726/|#|#|#;"+49 23 61  90 44 89 - 0|https://www.brenner-tekath.de|document.writeln('<a href=""mailto:info'+'@'+'brenner-tekath.de"">info'+'@'+'brenner-tekath.de</a>');|";
headwaypersonal;;https://www.facebook.com/headwayaustria?fref=ts|#|#|#;"+49 (0) 871 / 97 52 8-0|www.headway-personal.com|document.writeln('<a href=""mailto:info'+'@'+'headway-personal.com"">info'+'@'+'headway-personal.com</a>');||||";
headwaypersonal;;https://www.facebook.com/headwayaustria?fref=ts|#|#|#;"+49 (0) 871 / 97 52 8-0|www.headway-personal.com|document.writeln('<a href=""mailto:info'+'@'+'headway-personal.com"">info'+'@'+'headway-personal.com</a>');||||";
ABALON Recruitment GmbH;;https://www.facebook.com/Abalongroup|https://www.instagram.com/abalon_group/|https://twitter.com/ABALON_IT|#;"089 - 12 50 34 60|https://www.headhunter-it.com|document.writeln('<a href=""mailto:info'+'@'+'abalongroup.de"">info'+'@'+'abalongroup.de</a>');||||";
headwaypersonal;;https://www.facebook.com/headwayaustria?fref=ts|#|#|#;"+49 (0) 871 / 97 52 8-0|www.headway-personal.com|document.writeln('<a href=""mailto:info'+'@'+'headway-personal.com"">info'+'@'+'headway-personal.com</a>');||||";
Greifenberg Personalberatung & Recruitment;;https://www.facebook.com/greifenberg.de/|#|https://twitter.com/greifenbergjobs|#;"+49 (0) 89 / 9390 990-55|http://greifenberg.de|document.writeln('<a href=""mailto:info'+'@'+'greifenberg.de"">info'+'@'+'greifenberg.de</a>');||||";
Greifenberg Personalberatung & Recruitment;;https://www.facebook.com/greifenberg.de/|#|https://twitter.com/greifenbergjobs|#;"+49 (0) 89 / 9390 990-55|http://greifenberg.de|document.writeln('<a href=""mailto:info'+'@'+'greifenberg.de"">info'+'@'+'greifenberg.de</a>');||||";
Greifenberg Personalberatung & Recruitment;;https://www.facebook.com/greifenberg.de/|#|https://twitter.com/greifenbergjobs|#;"+49 (0) 89 / 9390 990-55|http://greifenberg.de|document.writeln('<a href=""mailto:info'+'@'+'greifenberg.de"">info'+'@'+'greifenberg.de</a>');||||";
Greifenberg Personalberatung & Recruitment;;https://www.facebook.com/greifenberg.de/|#|https://twitter.com/greifenbergjobs|#;"+49 (0) 89 / 9390 990-55|http://greifenberg.de|document.writeln('<a href=""mailto:info'+'@'+'greifenberg.de"">info'+'@'+'greifenberg.de</a>');||||";
headwaypersonal;;https://www.facebook.com/headwayaustria?fref=ts|#|#|#;"+49 (0) 871 / 97 52 8-0|www.headway-personal.com|document.writeln('<a href=""mailto:info'+'@'+'headway-personal.com"">info'+'@'+'headway-personal.com</a>');||||";
headwaypersonal;;https://www.facebook.com/headwayaustria?fref=ts|#|#|#;"+49 (0) 871 / 97 52 8-0|www.headway-personal.com|document.writeln('<a href=""mailto:info'+'@'+'headway-personal.com"">info'+'@'+'headway-personal.com</a>');||||";
headwaypersonal;;https://www.facebook.com/headwayaustria?fref=ts|#|#|#;"+49 (0) 871 / 97 52 8-0|www.headway-personal.com|document.writeln('<a href=""mailto:info'+'@'+'headway-personal.com"">info'+'@'+'headway-personal.com</a>');||||";
SWISSCONSULT;;#|#|#|#;"+49 (0)211 176076-40|http://www.swissconsult.org|document.writeln('<a href=""mailto:sc-d'+'@'+'swissconsult.org"">sc-d'+'@'+'swissconsult.org</a>');|||";
headwaypersonal;;https://www.facebook.com/headwayaustria?fref=ts|#|#|#;"+49 (0) 871 / 97 52 8-0|www.headway-personal.com|document.writeln('<a href=""mailto:info'+'@'+'headway-personal.com"">info'+'@'+'headway-personal.com</a>');||||";
PINK PERSONALMANAGEMENT GMBH;;https://www.facebook.com/pinkpersonal|#|#|#;"0 57 41 - 23 65-0|http://www.pink-personal.de|document.writeln('<a href=""mailto:info'+'@'+'pink-personal.de"">info'+'@'+'pink-personal.de</a>');||";
HireBird GmbH;;#|#|#|#;"+49 (0) 30 – 3642860-00|http://hirebird.de|document.writeln('<a href=""mailto:recruiting'+'@'+'hirebird.de"">recruiting'+'@'+'hirebird.de</a>');||";
JARL SKAND PERSONALBERATUNG;;www.facebook.de/JarlSkand|#|#|#;"0157 31 809 169|http://www.jarl-skand.de/|document.writeln('<a href=""mailto:m.wickert'+'@'+'jarl-skand.de"">m.wickert'+'@'+'jarl-skand.de</a>');|";
TPM Consulting;;https://www.facebook.com/infoifw/|#|#|#;"+49 06071 4969205|https://www.tpmconsult.de/|document.writeln('<a href=""mailto:info'+'@'+'tpmconsulting.de"">info'+'@'+'tpmconsulting.de</a>');|";
headwaypersonal;;https://www.facebook.com/headwayaustria?fref=ts|#|#|#;"+49 (0) 871 / 97 52 8-0|www.headway-personal.com|document.writeln('<a href=""mailto:info'+'@'+'headway-personal.com"">info'+'@'+'headway-personal.com</a>');||||";
headwaypersonal;;https://www.facebook.com/headwayaustria?fref=ts|#|#|#;"+49 (0) 871 / 97 52 8-0|www.headway-personal.com|document.writeln('<a href=""mailto:info'+'@'+'headway-personal.com"">info'+'@'+'headway-personal.com</a>');||||";
CAVISIO;;https://www.facebook.com/Cavisio|#|#|#;"0711 / 93 15 03 60|http://www.cavisio.de|document.writeln('<a href=""mailto:info'+'@'+'cavisio.de"">info'+'@'+'cavisio.de</a>');|";
A!B!C Personal GmbH;;#|#|#|#;"02 02 - 94 69 30|http://abcgroup.de|document.writeln('<a href=""mailto:info'+'@'+'abc.jetzt"">info'+'@'+'abc.jetzt</a>');||||";
CAPIT Executive GmbH;;#|#|#|#;"+49 (0)89 997 42 720|https://www.capit.de|document.writeln('<a href=""mailto:info'+'@'+'capit.de"">info'+'@'+'capit.de</a>');|";
MINT Solutions GmbH;;https://www.facebook.com/mintsolutionsgmbh|https://www.instagram.com/mint_solutions/?hl=de|https://twitter.com/MintSolGmbH|#;"+49 (0)89 2000 374 0|https://www.mint-solutions.de|document.writeln('<a href=""mailto:info'+'@'+'mint-solutions.de"">info'+'@'+'mint-solutions.de</a>');|||";
Friedrich Consulting;;#|#|#|#;"+49 (0) 37325 249669|http://friedrich-consulting.com|document.writeln('<a href=""mailto:info'+'@'+'friedrich-consulting.com"">info'+'@'+'friedrich-consulting.com</a>');|";
Göbel Automobil Personalberatung;;#|#|#|#;"+49 811 / 1244960|https://www.automobil-personalberatung.de|document.writeln('<a href=""mailto:info'+'@'+'automobil-personalberatung.de"">info'+'@'+'automobil-personalberatung.de</a>');||||";
Göbel Automobil Personalberatung;;#|#|#|#;"+49 811 / 1244960|https://www.automobil-personalberatung.de|document.writeln('<a href=""mailto:info'+'@'+'automobil-personalberatung.de"">info'+'@'+'automobil-personalberatung.de</a>');||||";
Göbel Automobil Personalberatung;;#|#|#|#;"+49 811 / 1244960|https://www.automobil-personalberatung.de|document.writeln('<a href=""mailto:info'+'@'+'automobil-personalberatung.de"">info'+'@'+'automobil-personalberatung.de</a>');||||";
Göbel Automobil Personalberatung;;#|#|#|#;"+49 811 / 1244960|https://www.automobil-personalberatung.de|document.writeln('<a href=""mailto:info'+'@'+'automobil-personalberatung.de"">info'+'@'+'automobil-personalberatung.de</a>');||||";
Göbel Automobil Personalberatung;;#|#|#|#;"+49 811 / 1244960|https://www.automobil-personalberatung.de|document.writeln('<a href=""mailto:info'+'@'+'automobil-personalberatung.de"">info'+'@'+'automobil-personalberatung.de</a>');||||";
Easy Consult Personaldienstleistungen;;https://www.facebook.com/easyconsultde|https://www.instagram.com/easyconsultde/|https://twitter.com/easy_consult_de|https://plus.google.com/u/0/109238770901511226982;"+49 69 872 078 70|https://easyconsultde.com|document.writeln('<a href=""mailto:info'+'@'+'easyconsultde.com "">info'+'@'+'easyconsultde.com </a>');||||";
locum doctors Ärztevermittlung;;#|#|#|#;|||;
pbb Buddensiek GmbH;;https://www.facebook.com/pbbBuddensiek/|#|#|#;"+49 6171 / 88 76 89 - 0|https://www.pbb-personal.de|document.writeln('<a href=""mailto:frankfurt'+'@'+'pbb-personal.de"">frankfurt'+'@'+'pbb-personal.de</a>');||||";
Easy Consult Personaldienstleistungen;;https://www.facebook.com/easyconsultde|https://www.instagram.com/easyconsultde/|https://twitter.com/easy_consult_de|https://plus.google.com/u/0/109238770901511226982;"+49 69 872 078 70|https://easyconsultde.com|document.writeln('<a href=""mailto:info'+'@'+'easyconsultde.com "">info'+'@'+'easyconsultde.com </a>');||||";
Gulp GmbH;;https://web.facebook.com/GULP.Jobs/?_rdc=1&_rdr|https://www.instagram.com/gulp_karriere/|https://twitter.com/GULP_News|https://plus.google.com/+gulpde;"+49 89 500316-999|https://www.gulp.de|document.writeln('<a href=""mailto:info'+'@'+'gulp.de"">info'+'@'+'gulp.de</a>');||||";
Easy Consult Personaldienstleistungen;;https://www.facebook.com/easyconsultde|https://www.instagram.com/easyconsultde/|https://twitter.com/easy_consult_de|https://plus.google.com/u/0/109238770901511226982;"+49 69 872 078 70|https://easyconsultde.com|document.writeln('<a href=""mailto:info'+'@'+'easyconsultde.com "">info'+'@'+'easyconsultde.com </a>');||||";
SEUBERT HR Management Consulting;;#|#|https://twitter.com/vseubert|#;"+49 4102 2079769|http://seuberthr.com|document.writeln('<a href=""mailto:mail'+'@'+'seuberthr.com"">mail'+'@'+'seuberthr.com</a>');|";
Clearstone GmbH;;#|#|#|#;"+49 221 98653400|http://www.clearstone-recruiting.com/index.html|document.writeln('<a href=""mailto:INFO'+'@'+'CLEARSTONE-RECRUITING.COM"">INFO'+'@'+'CLEARSTONE-RECRUITING.COM</a>');||||";
expertum Holding GmbH;;https://www.facebook.com/expertumgruppe|#|#|#;"040 226 30 01 - 30|https://expertum-gruppe.de|document.writeln('<a href=""mailto:info'+'@'+'expertum-gruppe.de"">info'+'@'+'expertum-gruppe.de</a>');||||";
MIGAVIS International;;#|#|#|#;"+49 (030) 258 188 85|http://www.migavis.de|document.writeln('<a href=""mailto:kontakt'+'@'+'migavis.de"">kontakt'+'@'+'migavis.de</a>');||";
Modis GmbH;;#|#|#|#;https://www.modis.de||||;
Modis GmbH;;#|#|#|#;https://www.modis.de||||;
Modis GmbH;;#|#|#|#;https://www.modis.de||||;
Modis GmbH;;#|#|#|#;https://www.modis.de||||;
Modis GmbH;;#|#|#|#;https://www.modis.de||||;
Modis GmbH;;#|#|#|#;https://www.modis.de||||;
Modis GmbH;;#|#|#|#;https://www.modis.de||||;
BBRecruiting Personalberatung;;https://www.facebook.com/BBRecruitingPersonalberatung/|#|https://twitter.com/bbrecruitingdus|#;"+49 211 248 593 16|https://www.bbrecruiting.de|document.writeln('<a href=""mailto:bruns'+'@'+'bbrecruiting.de"">bruns'+'@'+'bbrecruiting.de</a>');|";
Greifenberg Personalberatung & Recruitment;;https://www.facebook.com/greifenberg.de/|#|https://twitter.com/greifenbergjobs|#;"+49 (0) 89 / 9390 990-55|http://greifenberg.de|document.writeln('<a href=""mailto:info'+'@'+'greifenberg.de"">info'+'@'+'greifenberg.de</a>');||||";
Löser Personalberatung;;https://www.facebook.com/Löser-Personalberatung-321826107876163|#|#|#;"+49 30 2062 4008|https://www.loeser-personalberatung.de|document.writeln('<a href=""mailto: kontakt'+'@'+'loeser-personalberatung.de""> kontakt'+'@'+'loeser-personalberatung.de</a>');|";
SKILLs HR Experts GmbH;;#|#|#|#;"+49 (0)40|226 385 30|https://www.skills-experts.de/|document.writeln('<a href=""mailto:kontakt'+'@'+'skills-experts.de"">kontakt'+'@'+'skills-experts.de</a>');||||";
Maximum Personalmanagement;;#|#|#|#;"0511 544 888 30|https://www.maximumpersonal.de|document.writeln('<a href=""mailto:info'+'@'+'maximumpersonal.de"">info'+'@'+'maximumpersonal.de</a>');|";
ageneo Life Science Experts GmbH;;https://www.facebook.com/pages/ageneo-Life-Science-Experts-GmbH/157210421019010|https://www.instagram.com/ageneo_life_science_experts/|https://twitter.com/ageneo|#;"+49 (0)89 7263210 00|http://www.ageneo.de/|document.writeln('<a href=""mailto:info'+'@'+'ageneo.de"">info'+'@'+'ageneo.de</a>');||||";
ageneo Life Science Experts GmbH;;https://www.facebook.com/pages/ageneo-Life-Science-Experts-GmbH/157210421019010|https://www.instagram.com/ageneo_life_science_experts/|https://twitter.com/ageneo|#;"+49 (0)89 7263210 00|http://www.ageneo.de/|document.writeln('<a href=""mailto:info'+'@'+'ageneo.de"">info'+'@'+'ageneo.de</a>');||||";
ageneo Life Science Experts GmbH;;https://www.facebook.com/pages/ageneo-Life-Science-Experts-GmbH/157210421019010|https://www.instagram.com/ageneo_life_science_experts/|https://twitter.com/ageneo|#;"+49 (0)89 7263210 00|http://www.ageneo.de/|document.writeln('<a href=""mailto:info'+'@'+'ageneo.de"">info'+'@'+'ageneo.de</a>');||||";
Constares GmbH;;#|#|#|#;"089-125039830|http://www.constares.de|document.writeln('<a href=""mailto:info'+'@'+'constares.de"">info'+'@'+'constares.de</a>');||||";
Kooku Recruiting Partners Berlin;;https://www.facebook.com/KookuRecruitingPartners|https://www.instagram.com/kookurecruitingpartners|#|https://plus.google.com/+KookuKonsultPersonalberatungBerlin;"+49 30 994043660|www.kooku.de|document.writeln('<a href=""mailto:kontakt'+'@'+'kooku.de"">kontakt'+'@'+'kooku.de</a>');||";
Kooku Recruiting Partners Berlin;;https://www.facebook.com/KookuRecruitingPartners|https://www.instagram.com/kookurecruitingpartners|#|https://plus.google.com/+KookuKonsultPersonalberatungBerlin;"+49 30 994043660|www.kooku.de|document.writeln('<a href=""mailto:kontakt'+'@'+'kooku.de"">kontakt'+'@'+'kooku.de</a>');||";
pbb Buddensiek GmbH;;https://www.facebook.com/pbbBuddensiek/|#|#|#;"+49 6171 / 88 76 89 - 0|https://www.pbb-personal.de|document.writeln('<a href=""mailto:frankfurt'+'@'+'pbb-personal.de"">frankfurt'+'@'+'pbb-personal.de</a>');||||";
Ulrike Michels Beratung;;#|#|#|#;"069-955 20 842|http://www.michels-personalsuche.de|document.writeln('<a href=""mailto:info'+'@'+'michels-personalsuche.de"">info'+'@'+'michels-personalsuche.de</a>');|";
expertum Holding GmbH;;https://www.facebook.com/expertumgruppe|#|#|#;"040 226 30 01 - 30|https://expertum-gruppe.de|document.writeln('<a href=""mailto:info'+'@'+'expertum-gruppe.de"">info'+'@'+'expertum-gruppe.de</a>');||||";
expertum Holding GmbH;;https://www.facebook.com/expertumgruppe|#|#|#;"040 226 30 01 - 30|https://expertum-gruppe.de|document.writeln('<a href=""mailto:info'+'@'+'expertum-gruppe.de"">info'+'@'+'expertum-gruppe.de</a>');||||";
expertum Holding GmbH;;https://www.facebook.com/expertumgruppe|#|#|#;"040 226 30 01 - 30|https://expertum-gruppe.de|document.writeln('<a href=""mailto:info'+'@'+'expertum-gruppe.de"">info'+'@'+'expertum-gruppe.de</a>');||||";
PERSONALMENSCH E.K.;;https://www.facebook.com/PersonalMensch|#|#|#;"05204/995 889|http://www.personalmensch.de|document.writeln('<a href=""mailto:info'+'@'+'personalmensch.de"">info'+'@'+'personalmensch.de</a>');|";
PMC International AG;;#|#|#|#;"06102 / 55 99 0|http://www.pmci.de|document.writeln('<a href=""mailto:frankfurt'+'@'+'pmci.de"">frankfurt'+'@'+'pmci.de</a>');||||";
PMC International AG;;#|#|#|#;"06102 / 55 99 0|http://www.pmci.de|document.writeln('<a href=""mailto:frankfurt'+'@'+'pmci.de"">frankfurt'+'@'+'pmci.de</a>');||||";
PMC International AG;;#|#|#|#;"06102 / 55 99 0|http://www.pmci.de|document.writeln('<a href=""mailto:frankfurt'+'@'+'pmci.de"">frankfurt'+'@'+'pmci.de</a>');||||";
eSAR GmbH;;https://www.facebook.com/esar.gmbh|#|https://twitter.com/eSAR_GmbH|#;"+49 89 7167 239 - 00|http://esar-gmbh.de|document.writeln('<a href=""mailto:info'+'@'+'esar-gmbh.de"">info'+'@'+'esar-gmbh.de</a>');||||";
eSAR GmbH;;https://www.facebook.com/esar.gmbh|#|https://twitter.com/eSAR_GmbH|#;"+49 89 7167 239 - 00|http://esar-gmbh.de|document.writeln('<a href=""mailto:info'+'@'+'esar-gmbh.de"">info'+'@'+'esar-gmbh.de</a>');||||";
eSAR GmbH;;https://www.facebook.com/esar.gmbh|#|https://twitter.com/eSAR_GmbH|#;"+49 89 7167 239 - 00|http://esar-gmbh.de|document.writeln('<a href=""mailto:info'+'@'+'esar-gmbh.de"">info'+'@'+'esar-gmbh.de</a>');||||";
eSAR GmbH;;https://www.facebook.com/esar.gmbh|#|https://twitter.com/eSAR_GmbH|#;"+49 89 7167 239 - 00|http://esar-gmbh.de|document.writeln('<a href=""mailto:info'+'@'+'esar-gmbh.de"">info'+'@'+'esar-gmbh.de</a>');||||";
Constares GmbH;;#|#|#|#;"089-125039830|http://www.constares.de|document.writeln('<a href=""mailto:info'+'@'+'constares.de"">info'+'@'+'constares.de</a>');||||";
Constares GmbH;;#|#|#|#;"089-125039830|http://www.constares.de|document.writeln('<a href=""mailto:info'+'@'+'constares.de"">info'+'@'+'constares.de</a>');||||";
eSAR GmbH;;https://www.facebook.com/esar.gmbh|#|https://twitter.com/eSAR_GmbH|#;"+49 89 7167 239 - 00|http://esar-gmbh.de|document.writeln('<a href=""mailto:info'+'@'+'esar-gmbh.de"">info'+'@'+'esar-gmbh.de</a>');||||";
Constares GmbH;;#|#|#|#;"089-125039830|http://www.constares.de|document.writeln('<a href=""mailto:info'+'@'+'constares.de"">info'+'@'+'constares.de</a>');||||";
INDIE Solutions GmbH;;https://www.facebook.com/SolutionsIndie|https://www.instagram.com/indie.solutions|https://twitter.com/SolutionsIndie|#;"0391/24274612|www.indie-solutions.de|document.writeln('<a href=""mailto:info'+'@'+'indie-solutions.de"">info'+'@'+'indie-solutions.de</a>');||||";
INDIE Solutions GmbH;;https://www.facebook.com/SolutionsIndie|https://www.instagram.com/indie.solutions|https://twitter.com/SolutionsIndie|#;"0391/24274612|www.indie-solutions.de|document.writeln('<a href=""mailto:info'+'@'+'indie-solutions.de"">info'+'@'+'indie-solutions.de</a>');||||";
ABALON Recruitment GmbH;;https://www.facebook.com/Abalongroup|https://www.instagram.com/abalon_group/|https://twitter.com/ABALON_IT|#;"089 - 12 50 34 60|https://www.headhunter-it.com|document.writeln('<a href=""mailto:info'+'@'+'abalongroup.de"">info'+'@'+'abalongroup.de</a>');||||";
eSAR GmbH;;https://www.facebook.com/esar.gmbh|#|https://twitter.com/eSAR_GmbH|#;"+49 89 7167 239 - 00|http://esar-gmbh.de|document.writeln('<a href=""mailto:info'+'@'+'esar-gmbh.de"">info'+'@'+'esar-gmbh.de</a>');||||";
expertum Holding GmbH;;https://www.facebook.com/expertumgruppe|#|#|#;"040 226 30 01 - 30|https://expertum-gruppe.de|document.writeln('<a href=""mailto:info'+'@'+'expertum-gruppe.de"">info'+'@'+'expertum-gruppe.de</a>');||||";
BaronGeisler Management GmbH;;https://www.facebook.com/pages/Baron-Geisler-Management-GmbH/143711915700574|#|#|#;"+49 (0)351 89964339|http://www.barongeisler.de|document.writeln('<a href=""mailto:anke.baron'+'@'+'barongeisler.de"">anke.baron'+'@'+'barongeisler.de</a>');|";
Evolution Personalvermittlungsgesellschaft mbH;;https://www.facebook.com/evolutionjobs|https://www.instagram.com/evolutionjobs/?hl=de|#|#;"+49 (0) 391 / 244 52 90|https://www.evolutionjobs.com|document.writeln('<a href=""mailto:info'+'@'+'evolutionjobs.de"">info'+'@'+'evolutionjobs.de</a>');||||";
Evolution Personalvermittlungsgesellschaft mbH;;https://www.facebook.com/evolutionjobs|https://www.instagram.com/evolutionjobs/?hl=de|#|#;"+49 (0) 391 / 244 52 90|https://www.evolutionjobs.com|document.writeln('<a href=""mailto:info'+'@'+'evolutionjobs.de"">info'+'@'+'evolutionjobs.de</a>');||||";
Gulp GmbH;;https://web.facebook.com/GULP.Jobs/?_rdc=1&_rdr|https://www.instagram.com/gulp_karriere/|https://twitter.com/GULP_News|https://plus.google.com/+gulpde;"+49 89 500316-999|https://www.gulp.de|document.writeln('<a href=""mailto:info'+'@'+'gulp.de"">info'+'@'+'gulp.de</a>');||||";
eSAR GmbH;;https://www.facebook.com/esar.gmbh|#|https://twitter.com/eSAR_GmbH|#;"+49 89 7167 239 - 00|http://esar-gmbh.de|document.writeln('<a href=""mailto:info'+'@'+'esar-gmbh.de"">info'+'@'+'esar-gmbh.de</a>');||||";
PERM4 | Permanent Recruiting GmbH;;https://www.facebook.com/perm4/|#|https://twitter.com/PERM4_Karrieren|#;"+49 30 333063 100|https://www.perm4.com|document.writeln('<a href=""mailto:kontakt'+'@'+'perm4.com"">kontakt'+'@'+'perm4.com</a>');||||";
connectheads GmbH;;https://www.facebook.com/connectheads.gmbh|#|https://twitter.com/connectheads|#;"02065/9179593|https://www.connectheads-gmbh.de|document.writeln('<a href=""mailto:info'+'@'+'connectheads-gmbh.de"">info'+'@'+'connectheads-gmbh.de</a>');||";
Call Personalberatung;;#|#|#|#;"+49 (0) 2472 9975388|http://www.call-personalberatung.com|document.writeln('<a href=""mailto: info'+'@'+'c-pb.de""> info'+'@'+'c-pb.de</a>');|";
Easy Consult Personaldienstleistungen;;https://www.facebook.com/easyconsultde|https://www.instagram.com/easyconsultde/|https://twitter.com/easy_consult_de|https://plus.google.com/u/0/109238770901511226982;"+49 69 872 078 70|https://easyconsultde.com|document.writeln('<a href=""mailto:info'+'@'+'easyconsultde.com "">info'+'@'+'easyconsultde.com </a>');||||";
DAHMEN Personalservice GmbH;;https://www.facebook.com/dahmenpersonalservice/?ref=hl|#|https://twitter.com/DahmenPersonal|#;"+49 (0) 211 87 66 78 – 0|http://dahmen-personal.de|document.writeln('<a href=""mailto:kontakt'+'@'+'dahmen-personal.de"">kontakt'+'@'+'dahmen-personal.de</a>');|||";
connectheads GmbH;;https://www.facebook.com/connectheads.gmbh|#|https://twitter.com/connectheads|#;"02065/9179593|https://www.connectheads-gmbh.de|document.writeln('<a href=""mailto:info'+'@'+'connectheads-gmbh.de"">info'+'@'+'connectheads-gmbh.de</a>');||";
A!B!C Personal GmbH;;#|#|#|#;"02 02 - 94 69 30|http://abcgroup.de|document.writeln('<a href=""mailto:info'+'@'+'abc.jetzt"">info'+'@'+'abc.jetzt</a>');||||";
A!B!C Personal GmbH;;#|#|#|#;"02 02 - 94 69 30|http://abcgroup.de|document.writeln('<a href=""mailto:info'+'@'+'abc.jetzt"">info'+'@'+'abc.jetzt</a>');||||";
HR-Consultants GmbH;;#|#|https://twitter.com/HRC_Interim|#;"(0)89  20 00 92 92|http://www.hr-consultants.de|document.writeln('<a href=""mailto:info'+'@'+'hr-consultants.de"">info'+'@'+'hr-consultants.de</a>');|";
A!B!C Personal GmbH;;#|#|#|#;"02 02 - 94 69 30|http://abcgroup.de|document.writeln('<a href=""mailto:info'+'@'+'abc.jetzt"">info'+'@'+'abc.jetzt</a>');||||";
A!B!C Personal GmbH;;#|#|#|#;"02 02 - 94 69 30|http://abcgroup.de|document.writeln('<a href=""mailto:info'+'@'+'abc.jetzt"">info'+'@'+'abc.jetzt</a>');||||";
A!B!C Personal GmbH;;#|#|#|#;"02 02 - 94 69 30|http://abcgroup.de|document.writeln('<a href=""mailto:info'+'@'+'abc.jetzt"">info'+'@'+'abc.jetzt</a>');||||";
A!B!C Personal GmbH;;#|#|#|#;"02 02 - 94 69 30|http://abcgroup.de|document.writeln('<a href=""mailto:info'+'@'+'abc.jetzt"">info'+'@'+'abc.jetzt</a>');||||";
A!B!C Personal GmbH;;#|#|#|#;"02 02 - 94 69 30|http://abcgroup.de|document.writeln('<a href=""mailto:info'+'@'+'abc.jetzt"">info'+'@'+'abc.jetzt</a>');||||";
Consulting4u Schrammeck;;#|#|#|#;"08142 6554235|http://www.consulting4u.de|document.writeln('<a href=""mailto:info'+'@'+'consulting4u.de"">info'+'@'+'consulting4u.de</a>');|";
CAISSA Global;;https://www.facebook.com/caissaglobal/|#|https://twitter.com/caissaglobal|#;"+49 (0)30 55235980|https://www.caissa-global.com|document.writeln('<a href=""mailto:info'+'@'+'caissa-global.com"">info'+'@'+'caissa-global.com</a>');||||";
CAISSA Global;;https://www.facebook.com/caissaglobal/|#|https://twitter.com/caissaglobal|#;"+49 (0)30 55235980|https://www.caissa-global.com|document.writeln('<a href=""mailto:info'+'@'+'caissa-global.com"">info'+'@'+'caissa-global.com</a>');||||";
PEPPERMiNT Talents GmbH;;https://www.facebook.com/pg/PepperMint-Talents-GmbH-1654948844800421/about/?ref=page_internal|#|https://twitter.com/peppermintGER|#;"0 89 716 778 210|http://www.peppermint-talents.com|document.writeln('<a href=""mailto:info'+'@'+'peppermint-talents.com"">info'+'@'+'peppermint-talents.com</a>');||";
ABALON Recruitment GmbH;;https://www.facebook.com/Abalongroup|https://www.instagram.com/abalon_group/|https://twitter.com/ABALON_IT|#;"089 - 12 50 34 60|https://www.headhunter-it.com|document.writeln('<a href=""mailto:info'+'@'+'abalongroup.de"">info'+'@'+'abalongroup.de</a>');||||";
stratandnet GmbH;;https://www.facebook.com/stratandnet-GmbH-768342696621136/|#|#|#;"040 8517 9330 0|http://stratandnet.de|document.writeln('<a href=""mailto:info'+'@'+'stratandnet.com"">info'+'@'+'stratandnet.com</a>');|||";
stratandnet GmbH;;https://www.facebook.com/stratandnet-GmbH-768342696621136/|#|#|#;"040 8517 9330 0|http://stratandnet.de|document.writeln('<a href=""mailto:info'+'@'+'stratandnet.com"">info'+'@'+'stratandnet.com</a>');|||";
Senator Executive Search Partners;;https://www.facebook.com/Senatorpartners/|#|https://twitter.com/SenatorPartners|#;"+49 (0)89 41 41 97 77|http://www.senator-partners.de|document.writeln('<a href=""mailto:INFO'+'@'+'SENATOR-PARTNERS.DE"">INFO'+'@'+'SENATOR-PARTNERS.DE</a>');|||";
stratandnet GmbH;;https://www.facebook.com/stratandnet-GmbH-768342696621136/|#|#|#;"040 8517 9330 0|http://stratandnet.de|document.writeln('<a href=""mailto:info'+'@'+'stratandnet.com"">info'+'@'+'stratandnet.com</a>');|||";
ABALON Recruitment GmbH;;https://www.facebook.com/Abalongroup|https://www.instagram.com/abalon_group/|https://twitter.com/ABALON_IT|#;"089 - 12 50 34 60|https://www.headhunter-it.com|document.writeln('<a href=""mailto:info'+'@'+'abalongroup.de"">info'+'@'+'abalongroup.de</a>');||||";
alphacoders GmbH;;#|#|https://twitter.com/alphacodersde|#;"+49 (0) 40.211 0762 03|www.alphacoders.de|document.writeln('<a href=""mailto:hello'+'@'+'alphacoders.de"">hello'+'@'+'alphacoders.de</a>');|";
Citrus Specialized Staffing GmbH;;#|#|#|#;|;
PEPPERMiNT Talents GmbH;;https://www.facebook.com/pg/PepperMint-Talents-GmbH-1654948844800421/about/?ref=page_internal|#|https://twitter.com/peppermintGER|#;"0 89 716 778 210|http://www.peppermint-talents.com|document.writeln('<a href=""mailto:info'+'@'+'peppermint-talents.com"">info'+'@'+'peppermint-talents.com</a>');||";
Dreymann Group;;#|#|#|#;"+49 89 72493323|https://www.dreymann-group.com|document.writeln('<a href=""mailto:info'+'@'+'dreymann-group.de"">info'+'@'+'dreymann-group.de</a>');||";
INDIE Solutions GmbH;;https://www.facebook.com/SolutionsIndie|https://www.instagram.com/indie.solutions|https://twitter.com/SolutionsIndie|#;"0391/24274612|www.indie-solutions.de|document.writeln('<a href=""mailto:info'+'@'+'indie-solutions.de"">info'+'@'+'indie-solutions.de</a>');||||";
PNM. Recruiting. Consulting.;;https://de-de.facebook.com/pg/PNM.Ulm/posts/|#|#|#;"0731 / 38 90 44 72|document.writeln('<a href=""mailto:info'+'@'+'pnm-ulm.de"">info'+'@'+'pnm-ulm.de</a>');||";
TempSearch GmbH;;https://www.facebook.com/TempSearch/|#|https://twitter.com/tempsearch_gmbh|#;"+49 (0)731 70 80 988-0|http://www.tempsearch.de|document.writeln('<a href=""mailto:info'+'@'+'tempsearch.de"">info'+'@'+'tempsearch.de</a>');|";
PERM4 | Permanent Recruiting GmbH;;https://www.facebook.com/perm4/|#|https://twitter.com/PERM4_Karrieren|#;"+49 30 333063 100|https://www.perm4.com|document.writeln('<a href=""mailto:kontakt'+'@'+'perm4.com"">kontakt'+'@'+'perm4.com</a>');||||";
PERM4 | Permanent Recruiting GmbH;;https://www.facebook.com/perm4/|#|https://twitter.com/PERM4_Karrieren|#;"+49 30 333063 100|https://www.perm4.com|document.writeln('<a href=""mailto:kontakt'+'@'+'perm4.com"">kontakt'+'@'+'perm4.com</a>');||||";
PERM4 | Permanent Recruiting GmbH;;https://www.facebook.com/perm4/|#|https://twitter.com/PERM4_Karrieren|#;"+49 30 333063 100|https://www.perm4.com|document.writeln('<a href=""mailto:kontakt'+'@'+'perm4.com"">kontakt'+'@'+'perm4.com</a>');||||";
PERM4 | Permanent Recruiting GmbH;;https://www.facebook.com/perm4/|#|https://twitter.com/PERM4_Karrieren|#;"+49 30 333063 100|https://www.perm4.com|document.writeln('<a href=""mailto:kontakt'+'@'+'perm4.com"">kontakt'+'@'+'perm4.com</a>');||||";
PERM4 | Permanent Recruiting GmbH;;https://www.facebook.com/perm4/|#|https://twitter.com/PERM4_Karrieren|#;"+49 30 333063 100|https://www.perm4.com|document.writeln('<a href=""mailto:kontakt'+'@'+'perm4.com"">kontakt'+'@'+'perm4.com</a>');||||";
PNM. Recruiting. Consulting.;;https://de-de.facebook.com/pg/PNM.Ulm/posts/|#|#|#;"0731 / 38 90 44 72|document.writeln('<a href=""mailto:info'+'@'+'pnm-ulm.de"">info'+'@'+'pnm-ulm.de</a>');||";
Citrus Specialized Staffing GmbH;;#|#|#|#;|;
Clearstone GmbH;;#|#|#|#;"+49 221 98653400|http://www.clearstone-recruiting.com/index.html|document.writeln('<a href=""mailto:INFO'+'@'+'CLEARSTONE-RECRUITING.COM"">INFO'+'@'+'CLEARSTONE-RECRUITING.COM</a>');||||";
Conexio-Consulting;;#|#|#|#;"+49 (0) 6071 60 65 14|www.conexio-consulting.de|document.writeln('<a href=""mailto:km'+'@'+'conexio-consulting.de"">km'+'@'+'conexio-consulting.de</a>');||";
Clearstone GmbH;;#|#|#|#;"+49 221 98653400|http://www.clearstone-recruiting.com/index.html|document.writeln('<a href=""mailto:INFO'+'@'+'CLEARSTONE-RECRUITING.COM"">INFO'+'@'+'CLEARSTONE-RECRUITING.COM</a>');||||";
Clearstone GmbH;;#|#|#|#;"+49 221 98653400|http://www.clearstone-recruiting.com/index.html|document.writeln('<a href=""mailto:INFO'+'@'+'CLEARSTONE-RECRUITING.COM"">INFO'+'@'+'CLEARSTONE-RECRUITING.COM</a>');||||";
INDIE Solutions GmbH;;https://www.facebook.com/SolutionsIndie|https://www.instagram.com/indie.solutions|https://twitter.com/SolutionsIndie|#;"0391/24274612|www.indie-solutions.de|document.writeln('<a href=""mailto:info'+'@'+'indie-solutions.de"">info'+'@'+'indie-solutions.de</a>');||||";
contagi;;https://www.facebook.com/contagigroup|https://instagram.com/contagi_group?igshid=mv2zd9wz1imq|https://twitter.com/contagi_group|#;"+49.69.173269310|www.contagi.ch|document.writeln('<a href=""mailto:info'+'@'+'contagi.ch"">info'+'@'+'contagi.ch</a>');|";
Clearstone GmbH;;#|#|#|#;"+49 221 98653400|http://www.clearstone-recruiting.com/index.html|document.writeln('<a href=""mailto:INFO'+'@'+'CLEARSTONE-RECRUITING.COM"">INFO'+'@'+'CLEARSTONE-RECRUITING.COM</a>');||||";
Pieritz select GmbH & Co. KG;;https://www.facebook.com/PieritzSelect/|#|https://twitter.com/Pieritz_select|#;"0221/933199-0|https://www.pieritz-select.de/|document.writeln('<a href=""mailto:info'+'@'+'pieritz-select.de"">info'+'@'+'pieritz-select.de</a>');|";
Evolution Personalvermittlungsgesellschaft mbH;;https://www.facebook.com/evolutionjobs|https://www.instagram.com/evolutionjobs/?hl=de|#|#;"+49 (0) 391 / 244 52 90|https://www.evolutionjobs.com|document.writeln('<a href=""mailto:info'+'@'+'evolutionjobs.de"">info'+'@'+'evolutionjobs.de</a>');||||";
Evolution Personalvermittlungsgesellschaft mbH;;https://www.facebook.com/evolutionjobs|https://www.instagram.com/evolutionjobs/?hl=de|#|#;"+49 (0) 391 / 244 52 90|https://www.evolutionjobs.com|document.writeln('<a href=""mailto:info'+'@'+'evolutionjobs.de"">info'+'@'+'evolutionjobs.de</a>');||||";
MINT Solutions GmbH;;https://www.facebook.com/mintsolutionsgmbh|https://www.instagram.com/mint_solutions/?hl=de|https://twitter.com/MintSolGmbH|#;"+49 (0)89 2000 374 0|https://www.mint-solutions.de|document.writeln('<a href=""mailto:info'+'@'+'mint-solutions.de"">info'+'@'+'mint-solutions.de</a>');|||";
Cyforwards GmbH;;#|#|#|#;0151-58863928|http://cyforwards.de|||;
KLEEFELD Bildung und Vermittlung;;#|#|#|#;"0231-22 81 02 50|www.kleefeld-personal.de|document.writeln('<a href=""mailto:info'+'@'+'kleefeld-personal.de"">info'+'@'+'kleefeld-personal.de</a>');||";
ageneo Life Science Experts GmbH;;https://www.facebook.com/pages/ageneo-Life-Science-Experts-GmbH/157210421019010|https://www.instagram.com/ageneo_life_science_experts/|https://twitter.com/ageneo|#;"+49 (0)89 7263210 00|http://www.ageneo.de/|document.writeln('<a href=""mailto:info'+'@'+'ageneo.de"">info'+'@'+'ageneo.de</a>');||||";
ageneo Life Science Experts GmbH;;https://www.facebook.com/pages/ageneo-Life-Science-Experts-GmbH/157210421019010|https://www.instagram.com/ageneo_life_science_experts/|https://twitter.com/ageneo|#;"+49 (0)89 7263210 00|http://www.ageneo.de/|document.writeln('<a href=""mailto:info'+'@'+'ageneo.de"">info'+'@'+'ageneo.de</a>');||||";
PINK PERSONALMANAGEMENT GMBH;;https://www.facebook.com/pinkpersonal|#|#|#;"0 57 41 - 23 65-0|http://www.pink-personal.de|document.writeln('<a href=""mailto:info'+'@'+'pink-personal.de"">info'+'@'+'pink-personal.de</a>');||";
Dreymann Group;;#|#|#|#;"+49 89 72493323|https://www.dreymann-group.com|document.writeln('<a href=""mailto:info'+'@'+'dreymann-group.de"">info'+'@'+'dreymann-group.de</a>');||";
Conexio-Consulting;;#|#|#|#;"+49 (0) 6071 60 65 14|www.conexio-consulting.de|document.writeln('<a href=""mailto:km'+'@'+'conexio-consulting.de"">km'+'@'+'conexio-consulting.de</a>');||";
Grupo Norconsulting SL;;#|#|#|#;"+49 152 900 397 84|https://www.norconsulting.de|document.writeln('<a href=""mailto:y.hoch'+'@'+'norconsulting.de"">y.hoch'+'@'+'norconsulting.de</a>');||||";
Evolution Personalvermittlungsgesellschaft mbH;;https://www.facebook.com/evolutionjobs|https://www.instagram.com/evolutionjobs/?hl=de|#|#;"+49 (0) 391 / 244 52 90|https://www.evolutionjobs.com|document.writeln('<a href=""mailto:info'+'@'+'evolutionjobs.de"">info'+'@'+'evolutionjobs.de</a>');||||";
locum doctors Ärztevermittlung;;#|#|#|#;|||;
locum doctors Ärztevermittlung;;#|#|#|#;|||;
locum doctors Ärztevermittlung;;#|#|#|#;|||;
Evolution Personalvermittlungsgesellschaft mbH;;https://www.facebook.com/evolutionjobs|https://www.instagram.com/evolutionjobs/?hl=de|#|#;"+49 (0) 391 / 244 52 90|https://www.evolutionjobs.com|document.writeln('<a href=""mailto:info'+'@'+'evolutionjobs.de"">info'+'@'+'evolutionjobs.de</a>');||||";
Bouziri Consulting;;https://www.facebook.com/BouziriConsulting|#|https://twitter.com/BouziriConsult|#;"+49 (0)89 28 85 59 41|http://www.boucon.de|document.writeln('<a href=""mailto:dbouziri'+'@'+'boucon.de"">dbouziri'+'@'+'boucon.de</a>');|";
Griepenstroh Personalvermittlung GmbH;;#|#|#|#;"0421 – 346 77 23|https://www.griepenstroh.com/|document.writeln('<a href=""mailto:info'+'@'+'griepenstroh.com"">info'+'@'+'griepenstroh.com</a>');|";
Schaffmann & Denner Executive Search;;#|#|#|#;"07131-27 93 616|http://schaffmann-denner.de|document.writeln('<a href=""mailto:office'+'@'+'schaffmann-denner.de"">office'+'@'+'schaffmann-denner.de</a>');||";
SKILLs HR Experts GmbH;;#|#|#|#;"+49 (0)40|226 385 30|https://www.skills-experts.de/|document.writeln('<a href=""mailto:kontakt'+'@'+'skills-experts.de"">kontakt'+'@'+'skills-experts.de</a>');||||";
SKILLs HR Experts GmbH;;#|#|#|#;"+49 (0)40|226 385 30|https://www.skills-experts.de/|document.writeln('<a href=""mailto:kontakt'+'@'+'skills-experts.de"">kontakt'+'@'+'skills-experts.de</a>');||||";
Stanton Chase Stuttgart GmbH;;https://www.facebook.com/stantonchaseinternational/|#|https://twitter.com/StantonChase|#;"+49 711 577 669-0|https://www.stantonchase.com|document.writeln('<a href=""mailto:stuttgart'+'@'+'stantonchase.com"">stuttgart'+'@'+'stantonchase.com</a>');|||";
Stanton Chase Stuttgart GmbH;;https://www.facebook.com/stantonchaseinternational/|#|https://twitter.com/StantonChase|#;"+49 711 577 669-0|https://www.stantonchase.com|document.writeln('<a href=""mailto:stuttgart'+'@'+'stantonchase.com"">stuttgart'+'@'+'stantonchase.com</a>');|||";
A!B!C Personal GmbH;;#|#|#|#;"02 02 - 94 69 30|http://abcgroup.de|document.writeln('<a href=""mailto:info'+'@'+'abc.jetzt"">info'+'@'+'abc.jetzt</a>');||||";
BHO Personalberatung GmbH;;#|#|https://twitter.com/bhopersonal|#;"+49-711-490 66 313|http://www.bho-personalberatung.de|document.writeln('<a href=""mailto:bewerbung'+'@'+'bho-personalberatung.de"">bewerbung'+'@'+'bho-personalberatung.de</a>');|";
FR Recruitment GmbH - die HR Personalberatung;;#|#|#|#;"+49 (0) 60 29 – 99 27 92|http://fr-recruitment.de|document.writeln('<a href=""mailto:kirsten.vogt'+'@'+'fr-recruitment.de"">kirsten.vogt'+'@'+'fr-recruitment.de</a>');|||";
FR Recruitment GmbH - die HR Personalberatung;;#|#|#|#;"+49 (0) 60 29 – 99 27 92|http://fr-recruitment.de|document.writeln('<a href=""mailto:kirsten.vogt'+'@'+'fr-recruitment.de"">kirsten.vogt'+'@'+'fr-recruitment.de</a>');|||";
FR Recruitment GmbH - die HR Personalberatung;;#|#|#|#;"+49 (0) 60 29 – 99 27 92|http://fr-recruitment.de|document.writeln('<a href=""mailto:kirsten.vogt'+'@'+'fr-recruitment.de"">kirsten.vogt'+'@'+'fr-recruitment.de</a>');|||";
Frankenheim Personalberatung GmbH;;https://www.facebook.com/FrankenheimPersonalberatung|https://www.instagram.com/frankenheimpersonalberatung/?hl=de|#|#;"www.frankenheimpb.de|http://frankenheimpb.de|document.writeln('<a href=""mailto:info'+'@'+'frankenheimpb.de"">info'+'@'+'frankenheimpb.de</a>');|";
Schaffmann & Denner Executive Search;;#|#|#|#;"07131-27 93 616|http://schaffmann-denner.de|document.writeln('<a href=""mailto:office'+'@'+'schaffmann-denner.de"">office'+'@'+'schaffmann-denner.de</a>');||";
Senator Executive Search Partners;;https://www.facebook.com/Senatorpartners/|#|https://twitter.com/SenatorPartners|#;"+49 (0)89 41 41 97 77|http://www.senator-partners.de|document.writeln('<a href=""mailto:INFO'+'@'+'SENATOR-PARTNERS.DE"">INFO'+'@'+'SENATOR-PARTNERS.DE</a>');|||";
Das Kontaktwerk;;#|#|#|#;"www.daskontaktwerk.de|document.writeln('<a href=""mailto:info'+'@'+'daskontaktwerk.de"">info'+'@'+'daskontaktwerk.de</a>');||";
AMG RECRUITING GmbH;;https://www.facebook.com/AMG.Recruiting/|#|https://twitter.com/AMG_RECRUITING|#;"+49 (0)251 131350|https://www.amg-recruiting.de/|document.writeln('<a href=""mailto:info'+'@'+'amg-recruiting.de"">info'+'@'+'amg-recruiting.de</a>');||";
PERSONAL TOTAL;;https://www.facebook.com/personaltotalAG/|#|#|#;"+49 (0) 89 41 41 97-97|http://www.personal-total.de//|document.writeln('<a href=""mailto:info'+'@'+'personal-total.de"">info'+'@'+'personal-total.de</a>');||";
PERSONAL TOTAL;;https://www.facebook.com/personaltotalAG/|#|#|#;"+49 (0) 89 41 41 97-97|http://www.personal-total.de//|document.writeln('<a href=""mailto:info'+'@'+'personal-total.de"">info'+'@'+'personal-total.de</a>');||";
Senator Executive Search Partners;;https://www.facebook.com/Senatorpartners/|#|https://twitter.com/SenatorPartners|#;"+49 (0)89 41 41 97 77|http://www.senator-partners.de|document.writeln('<a href=""mailto:INFO'+'@'+'SENATOR-PARTNERS.DE"">INFO'+'@'+'SENATOR-PARTNERS.DE</a>');|||";
expertum Holding GmbH;;https://www.facebook.com/expertumgruppe|#|#|#;"040 226 30 01 - 30|https://expertum-gruppe.de|document.writeln('<a href=""mailto:info'+'@'+'expertum-gruppe.de"">info'+'@'+'expertum-gruppe.de</a>');||||";
HOFFMANN MELCHER PARTNER – HMP Personalberatung GmbH & Co. KG;;#|#|#|#;"+49 (0)40 46637840|http://www.hoffmannmelcher.de|document.writeln('<a href=""mailto:Kontakt'+'@'+'HoffmannMelcher.de"">Kontakt'+'@'+'HoffmannMelcher.de</a>');|";
CONusio GmbH;;#|#|#|#;"+49-(0) 6171-2063-0|http://www.conusio.com|document.writeln('<a href=""mailto:info'+'@'+'conusio.com"">info'+'@'+'conusio.com</a>');|";
Pharecon;;#|#|#|#;"+49 – 73 09 – 42 63 153|https://www.pharecon.de|document.writeln('<a href=""mailto:fuhrmann'+'@'+'pharecon.de"">fuhrmann'+'@'+'pharecon.de</a>');|";
Personalberatung FAHR;;#|#|#|#;"+49 75 51 - 9471693|https://personalberatung-fahr.de|document.writeln('<a href=""mailto:info'+'@'+'pb-fahr.de"">info'+'@'+'pb-fahr.de</a>');|";
AMG RECRUITING GmbH;;https://www.facebook.com/AMG.Recruiting/|#|https://twitter.com/AMG_RECRUITING|#;"+49 (0)251 131350|https://www.amg-recruiting.de/|document.writeln('<a href=""mailto:info'+'@'+'amg-recruiting.de"">info'+'@'+'amg-recruiting.de</a>');||";
Personalberatung by experts GmbH;;https://www.facebook.com/Personalberatung.by.experts/|#|https://twitter.com/byexperts|#;"0941 29848080|http://www.personal-by-experts.de|document.writeln('<a href=""mailto:info'+'@'+'personal-by-experts.de"">info'+'@'+'personal-by-experts.de</a>');|";
Cyforwards GmbH;;#|#|#|#;0151-58863928|http://cyforwards.de|||;
DAHMEN Personalservice GmbH;;https://www.facebook.com/dahmenpersonalservice/?ref=hl|#|https://twitter.com/DahmenPersonal|#;"+49 (0) 211 87 66 78 – 0|http://dahmen-personal.de|document.writeln('<a href=""mailto:kontakt'+'@'+'dahmen-personal.de"">kontakt'+'@'+'dahmen-personal.de</a>');|||";
Grupo Norconsulting SL;;#|#|#|#;"+49 152 900 397 84|https://www.norconsulting.de|document.writeln('<a href=""mailto:y.hoch'+'@'+'norconsulting.de"">y.hoch'+'@'+'norconsulting.de</a>');||||";
PERM4 | Permanent Recruiting GmbH;;https://www.facebook.com/perm4/|#|https://twitter.com/PERM4_Karrieren|#;"+49 30 333063 100|https://www.perm4.com|document.writeln('<a href=""mailto:kontakt'+'@'+'perm4.com"">kontakt'+'@'+'perm4.com</a>');||||";
Conciliat GmbH;;https://www.facebook.com/pages/Conciliat-GmbH/282859721792994?fref=ts|#|https://twitter.com/ConciliatGmbH|#;"07 11 / 22 45 18 0|http://www.conciliat.de|document.writeln('<a href=""mailto:stuttgart'+'@'+'conciliat.de"">stuttgart'+'@'+'conciliat.de</a>');|||";
ReJo Personalberatung;;https://www.facebook.com/ReJoPersonalberatung|#|https://twitter.com/ReJo_Personal|#;"+49 3643 4318-12|http://www.rejo-personalberatung.de|document.writeln('<a href=""mailto:info'+'@'+'rejo-personalberatung.de"">info'+'@'+'rejo-personalberatung.de</a>');||";
modREC GmbH;;#|#|#|#;"+49 30 92036191|https://modernrecruitment.de|document.writeln('<a href=""mailto:info'+'@'+'modernrecruitment.de"">info'+'@'+'modernrecruitment.de</a>');|";
FEL GmbH;;#|#|https://twitter.com/jobsFEL|https://plus.google.com/113809511820578321617;"0431 / 64775-0|https://fel.de/de/|document.writeln('<a href=""mailto:info'+'@'+'fel.de"">info'+'@'+'fel.de</a>');|";
NATTERER PERSONAL GmbH;;#|#|#|#;"+49 (0) 751 79 105 – 0|http://natterer-group.de|document.writeln('<a href=""mailto:info'+'@'+'natterer-group.de"">info'+'@'+'natterer-group.de</a>');|";
Grupo Norconsulting SL;;#|#|#|#;"+49 152 900 397 84|https://www.norconsulting.de|document.writeln('<a href=""mailto:y.hoch'+'@'+'norconsulting.de"">y.hoch'+'@'+'norconsulting.de</a>');||||";
Oprandi & Partner AG Schaffhausen;;#|#|#|#;"+41 41 710 54 68|https://oprandi.ch/|document.writeln('<a href=""mailto:oprandi'+'@'+'oprandi.ch"">oprandi'+'@'+'oprandi.ch</a>');|";
MINT Solutions GmbH;;https://www.facebook.com/mintsolutionsgmbh|https://www.instagram.com/mint_solutions/?hl=de|https://twitter.com/MintSolGmbH|#;"+49 (0)89 2000 374 0|https://www.mint-solutions.de|document.writeln('<a href=""mailto:info'+'@'+'mint-solutions.de"">info'+'@'+'mint-solutions.de</a>');|||";
Greifenberg Personalberatung & Recruitment;;https://www.facebook.com/greifenberg.de/|#|https://twitter.com/greifenbergjobs|#;"+49 (0) 89 / 9390 990-55|http://greifenberg.de|document.writeln('<a href=""mailto:info'+'@'+'greifenberg.de"">info'+'@'+'greifenberg.de</a>');||||";
GO-NEXT it recruitment;;#|#|#|#;"+49 (0) 89 / 2153 6940|www.go-next.de|document.writeln('<a href=""mailto:info'+'@'+'go-next.de"">info'+'@'+'go-next.de</a>');||";
Gulp GmbH;;https://web.facebook.com/GULP.Jobs/?_rdc=1&_rdr|https://www.instagram.com/gulp_karriere/|https://twitter.com/GULP_News|https://plus.google.com/+gulpde;"+49 89 500316-999|https://www.gulp.de|document.writeln('<a href=""mailto:info'+'@'+'gulp.de"">info'+'@'+'gulp.de</a>');||||";
Gulp GmbH;;https://web.facebook.com/GULP.Jobs/?_rdc=1&_rdr|https://www.instagram.com/gulp_karriere/|https://twitter.com/GULP_News|https://plus.google.com/+gulpde;"+49 89 500316-999|https://www.gulp.de|document.writeln('<a href=""mailto:info'+'@'+'gulp.de"">info'+'@'+'gulp.de</a>');||||";
Passion for People GmbH;;#|#|https://twitter.com/passionFpeople?ref_src=twsrc%5Etfw&ref_url=https%3A%2F%2Fpassionforpeople.de%2Fexecutive-search-direktsuche-fuehrungskraefte%2F|#;"+49 711 253594-0|https://passionforpeople.de/|document.writeln('<a href=""mailto:kontakt'+'@'+'passionforpeople.de"">kontakt'+'@'+'passionforpeople.de</a>');|";
Darwin Recruitment;;https://www.facebook.com/DarwinRecruitmentGlobal|https://www.instagram.com/darwinrecruitment/?hl=en|https://twitter.com/darwinrec?lang=en|#;089 26209 7130|www.darwinrecrutiment.com||||;
Darwin Recruitment;;https://www.facebook.com/DarwinRecruitmentGlobal|https://www.instagram.com/darwinrecruitment/?hl=en|https://twitter.com/darwinrec?lang=en|#;089 26209 7130|www.darwinrecrutiment.com||||;
Gulp GmbH;;https://web.facebook.com/GULP.Jobs/?_rdc=1&_rdr|https://www.instagram.com/gulp_karriere/|https://twitter.com/GULP_News|https://plus.google.com/+gulpde;"+49 89 500316-999|https://www.gulp.de|document.writeln('<a href=""mailto:info'+'@'+'gulp.de"">info'+'@'+'gulp.de</a>');||||";
Darwin Recruitment;;https://www.facebook.com/DarwinRecruitmentGlobal|https://www.instagram.com/darwinrecruitment/?hl=en|https://twitter.com/darwinrec?lang=en|#;089 26209 7130|www.darwinrecrutiment.com||||;
Darwin Recruitment;;https://www.facebook.com/DarwinRecruitmentGlobal|https://www.instagram.com/darwinrecruitment/?hl=en|https://twitter.com/darwinrec?lang=en|#;089 26209 7130|www.darwinrecrutiment.com||||;
IT Recruits - Excellent IT Recruiting;;#|#|#|#;"+49 (221) 677 887-690|www.it-recruits.de|document.writeln('<a href=""mailto:info'+'@'+'it-recruits.de"">info'+'@'+'it-recruits.de</a>');|";
Stanton Chase Stuttgart GmbH;;https://www.facebook.com/stantonchaseinternational/|#|https://twitter.com/StantonChase|#;"+49 711 577 669-0|https://www.stantonchase.com|document.writeln('<a href=""mailto:stuttgart'+'@'+'stantonchase.com"">stuttgart'+'@'+'stantonchase.com</a>');|||";
HireBird GmbH;;#|#|#|#;"+49 (0) 30 – 3642860-00|http://hirebird.de|document.writeln('<a href=""mailto:recruiting'+'@'+'hirebird.de"">recruiting'+'@'+'hirebird.de</a>');||";
Werk-Bank Personalberatung;;#|#|#|#;;
BECKER + PARTNER Personalberatung für den Mittelstand PartG.;;#|#|https://twitter.com/deutschlandjobs|https://plus.google.com/+Personalberatung-mittelstandDe;"+49 6251 7036 700|https://www.personalberatung-mittelstand.de/|document.writeln('<a href=""mailto:info'+'@'+'personalberatung-mittelstand.de"">info'+'@'+'personalberatung-mittelstand.de</a>');||||";
BECKER + PARTNER Personalberatung für den Mittelstand PartG.;;#|#|https://twitter.com/deutschlandjobs|https://plus.google.com/+Personalberatung-mittelstandDe;"+49 6251 7036 700|https://www.personalberatung-mittelstand.de/|document.writeln('<a href=""mailto:info'+'@'+'personalberatung-mittelstand.de"">info'+'@'+'personalberatung-mittelstand.de</a>');||||";
headwaypersonal;;https://www.facebook.com/headwayaustria?fref=ts|#|#|#;"+49 (0) 871 / 97 52 8-0|www.headway-personal.com|document.writeln('<a href=""mailto:info'+'@'+'headway-personal.com"">info'+'@'+'headway-personal.com</a>');||||";
BECKER + PARTNER Personalberatung für den Mittelstand PartG.;;#|#|https://twitter.com/deutschlandjobs|https://plus.google.com/+Personalberatung-mittelstandDe;"+49 6251 7036 700|https://www.personalberatung-mittelstand.de/|document.writeln('<a href=""mailto:info'+'@'+'personalberatung-mittelstand.de"">info'+'@'+'personalberatung-mittelstand.de</a>');||||";
BECKER + PARTNER Personalberatung für den Mittelstand PartG.;;#|#|https://twitter.com/deutschlandjobs|https://plus.google.com/+Personalberatung-mittelstandDe;"+49 6251 7036 700|https://www.personalberatung-mittelstand.de/|document.writeln('<a href=""mailto:info'+'@'+'personalberatung-mittelstand.de"">info'+'@'+'personalberatung-mittelstand.de</a>');||||";
BECKER + PARTNER Personalberatung für den Mittelstand PartG.;;#|#|https://twitter.com/deutschlandjobs|https://plus.google.com/+Personalberatung-mittelstandDe;"+49 6251 7036 700|https://www.personalberatung-mittelstand.de/|document.writeln('<a href=""mailto:info'+'@'+'personalberatung-mittelstand.de"">info'+'@'+'personalberatung-mittelstand.de</a>');||||";
BECKER + PARTNER Personalberatung für den Mittelstand PartG.;;#|#|https://twitter.com/deutschlandjobs|https://plus.google.com/+Personalberatung-mittelstandDe;"+49 6251 7036 700|https://www.personalberatung-mittelstand.de/|document.writeln('<a href=""mailto:info'+'@'+'personalberatung-mittelstand.de"">info'+'@'+'personalberatung-mittelstand.de</a>');||||";
BECKER + PARTNER Personalberatung für den Mittelstand PartG.;;#|#|https://twitter.com/deutschlandjobs|https://plus.google.com/+Personalberatung-mittelstandDe;"+49 6251 7036 700|https://www.personalberatung-mittelstand.de/|document.writeln('<a href=""mailto:info'+'@'+'personalberatung-mittelstand.de"">info'+'@'+'personalberatung-mittelstand.de</a>');||||";
BECKER + PARTNER Personalberatung für den Mittelstand PartG.;;#|#|https://twitter.com/deutschlandjobs|https://plus.google.com/+Personalberatung-mittelstandDe;"+49 6251 7036 700|https://www.personalberatung-mittelstand.de/|document.writeln('<a href=""mailto:info'+'@'+'personalberatung-mittelstand.de"">info'+'@'+'personalberatung-mittelstand.de</a>');||||";
BECKER + PARTNER Personalberatung für den Mittelstand PartG.;;#|#|https://twitter.com/deutschlandjobs|https://plus.google.com/+Personalberatung-mittelstandDe;"+49 6251 7036 700|https://www.personalberatung-mittelstand.de/|document.writeln('<a href=""mailto:info'+'@'+'personalberatung-mittelstand.de"">info'+'@'+'personalberatung-mittelstand.de</a>');||||";
maturias Personalberatung GmbH;;https://www.facebook.com/maturias|https://www.instagram.com/maturias_personalberatung/|#|#;"+49 331 5839 5153|http://www.maturias-personalberatung.de|document.writeln('<a href=""mailto:gunnar.belden'+'@'+'maturias.de"">gunnar.belden'+'@'+'maturias.de</a>');||";
maturias Personalberatung GmbH;;https://www.facebook.com/maturias|https://www.instagram.com/maturias_personalberatung/|#|#;"+49 331 5839 5153|http://www.maturias-personalberatung.de|document.writeln('<a href=""mailto:gunnar.belden'+'@'+'maturias.de"">gunnar.belden'+'@'+'maturias.de</a>');||";
Hays;;https://www.facebook.com/Hays.Personaldienstleister|#|https://twitter.com/Hays_dach|https://plus.google.com/100761985569534945451;"+49 621 1788 0|https://www.hays.de|document.writeln('<a href=""mailto:info'+'@'+'hays.de"">info'+'@'+'hays.de</a>');|";
KLEEFELD Bildung und Vermittlung;;#|#|#|#;"0231-22 81 02 50|www.kleefeld-personal.de|document.writeln('<a href=""mailto:info'+'@'+'kleefeld-personal.de"">info'+'@'+'kleefeld-personal.de</a>');||";
Rebel Recruiting;;#|#|#|#;"+49-221-64306442|http://rebelrecruiting.de|document.writeln('<a href=""mailto:hello'+'@'+'rebelrecruiting.com"">hello'+'@'+'rebelrecruiting.com</a>');||||";
TTA Personal GmbH;;https://www.facebook.com/pages/TTA-spanische-Fachkräftede/283530245081509|#|https://twitter.com/TTA_Fachkraefte|https://plus.google.com/+TTAPersonalGmbHBerlin;"+49 (0) 30 | 12 07 61 96|https://www.tta-personal.de/|document.writeln('<a href=""mailto:info'+'@'+'tta-personal.de"">info'+'@'+'tta-personal.de</a>');||";
TTA Personal GmbH;;https://www.facebook.com/pages/TTA-spanische-Fachkräftede/283530245081509|#|https://twitter.com/TTA_Fachkraefte|https://plus.google.com/+TTAPersonalGmbHBerlin;"+49 (0) 30 | 12 07 61 96|https://www.tta-personal.de/|document.writeln('<a href=""mailto:info'+'@'+'tta-personal.de"">info'+'@'+'tta-personal.de</a>');||";
ABALON Recruitment GmbH;;https://www.facebook.com/Abalongroup|https://www.instagram.com/abalon_group/|https://twitter.com/ABALON_IT|#;"089 - 12 50 34 60|https://www.headhunter-it.com|document.writeln('<a href=""mailto:info'+'@'+'abalongroup.de"">info'+'@'+'abalongroup.de</a>');||||";
Talent Tree GmbH;;https://www.facebook.com/TalentTree.de|https://www.instagram.com/talent_tree_/|https://twitter.com/TalentTree_de|#;"49 89 20945243|https://talent-tree.de|document.writeln('<a href=""mailto:info'+'@'+'talent-tree.de"">info'+'@'+'talent-tree.de</a>');|||";
CON Management Consultants;;#|#|#|#;"+49(0)511-5406146|https://www.con-mc.de|document.writeln('<a href=""mailto:gossler'+'@'+'con-mc.de"">gossler'+'@'+'con-mc.de</a>');|";
Gulp GmbH;;https://web.facebook.com/GULP.Jobs/?_rdc=1&_rdr|https://www.instagram.com/gulp_karriere/|https://twitter.com/GULP_News|https://plus.google.com/+gulpde;"+49 89 500316-999|https://www.gulp.de|document.writeln('<a href=""mailto:info'+'@'+'gulp.de"">info'+'@'+'gulp.de</a>');||||";
Clearstone GmbH;;#|#|#|#;"+49 221 98653400|http://www.clearstone-recruiting.com/index.html|document.writeln('<a href=""mailto:INFO'+'@'+'CLEARSTONE-RECRUITING.COM"">INFO'+'@'+'CLEARSTONE-RECRUITING.COM</a>');||||";
karriere.haus;;https://www.facebook.com/karrierehaus|#|https://twitter.com/EWU_Tweet|https://plus.google.com/u/0/+karrierehausvonEWUDrWallbergPartnerGmbHLeipzig;"+49 (0341) 42 62 30|https://karriere.haus|document.writeln('<a href=""mailto:info'+'@'+'karriere.haus"">info'+'@'+'karriere.haus</a>');|";
Talent Tree GmbH;;https://www.facebook.com/TalentTree.de|https://www.instagram.com/talent_tree_/|https://twitter.com/TalentTree_de|#;"49 89 20945243|https://talent-tree.de|document.writeln('<a href=""mailto:info'+'@'+'talent-tree.de"">info'+'@'+'talent-tree.de</a>');|||";
Talent Tree GmbH;;https://www.facebook.com/TalentTree.de|https://www.instagram.com/talent_tree_/|https://twitter.com/TalentTree_de|#;"49 89 20945243|https://talent-tree.de|document.writeln('<a href=""mailto:info'+'@'+'talent-tree.de"">info'+'@'+'talent-tree.de</a>');|||";
Fiege - Personalberatung Vertrieb GmbH;;https://www.facebook.com/Personalberatung-Vertrieb-1429974567309442/?ref=hl|#|https://twitter.com/HeadhunterSales|https://plus.google.com/u/0/106703914483472108859;"040 / 32 901 211|https://www.gkm-personalberatung.de|document.writeln('<a href=""mailto:info'+'@'+'gkm-personalberatung.de"">info'+'@'+'gkm-personalberatung.de</a>');|";
Triga Consulting GmbH & Co. KG;;#|#|#|#;"+49 89 809130720|https://www.triga-consulting.de|document.writeln('<a href=""mailto:info'+'@'+'triga-consulting.de"">info'+'@'+'triga-consulting.de</a>');|";
Gulp GmbH;;https://web.facebook.com/GULP.Jobs/?_rdc=1&_rdr|https://www.instagram.com/gulp_karriere/|https://twitter.com/GULP_News|https://plus.google.com/+gulpde;"+49 89 500316-999|https://www.gulp.de|document.writeln('<a href=""mailto:info'+'@'+'gulp.de"">info'+'@'+'gulp.de</a>');||||";
Clearstone GmbH;;#|#|#|#;"+49 221 98653400|http://www.clearstone-recruiting.com/index.html|document.writeln('<a href=""mailto:INFO'+'@'+'CLEARSTONE-RECRUITING.COM"">INFO'+'@'+'CLEARSTONE-RECRUITING.COM</a>');||||";
Clearstone GmbH;;#|#|#|#;"+49 221 98653400|http://www.clearstone-recruiting.com/index.html|document.writeln('<a href=""mailto:INFO'+'@'+'CLEARSTONE-RECRUITING.COM"">INFO'+'@'+'CLEARSTONE-RECRUITING.COM</a>');||||";
Clearstone GmbH;;#|#|#|#;"+49 221 98653400|http://www.clearstone-recruiting.com/index.html|document.writeln('<a href=""mailto:INFO'+'@'+'CLEARSTONE-RECRUITING.COM"">INFO'+'@'+'CLEARSTONE-RECRUITING.COM</a>');||||";
Clearstone GmbH;;#|#|#|#;"+49 221 98653400|http://www.clearstone-recruiting.com/index.html|document.writeln('<a href=""mailto:INFO'+'@'+'CLEARSTONE-RECRUITING.COM"">INFO'+'@'+'CLEARSTONE-RECRUITING.COM</a>');||||";
akko GmbH;;https://www.facebook.com/akkoGmbH/|#|#|#;"06341 67766-50|https://www.akko-personal.de|document.writeln('<a href=""mailto:info'+'@'+'akko-personal.de"">info'+'@'+'akko-personal.de</a>');|";
Zeel GmbH;;https://www.facebook.com/Zeel-GmbH-Profis-im-Personal-256224434559350/|#|https://twitter.com/zeel_gmbh|#;"+49. 89. 189 04 67 - 0|https://zeel.ag|document.writeln('<a href=""mailto:muenchen'+'@'+'zeel.ag"">muenchen'+'@'+'zeel.ag</a>');||||";
Zeel GmbH;;https://www.facebook.com/Zeel-GmbH-Profis-im-Personal-256224434559350/|#|https://twitter.com/zeel_gmbh|#;"+49. 89. 189 04 67 - 0|https://zeel.ag|document.writeln('<a href=""mailto:muenchen'+'@'+'zeel.ag"">muenchen'+'@'+'zeel.ag</a>');||||";
Zeel GmbH;;https://www.facebook.com/Zeel-GmbH-Profis-im-Personal-256224434559350/|#|https://twitter.com/zeel_gmbh|#;"+49. 89. 189 04 67 - 0|https://zeel.ag|document.writeln('<a href=""mailto:muenchen'+'@'+'zeel.ag"">muenchen'+'@'+'zeel.ag</a>');||||";
SciPro;;https://www.facebook.com/SciProGlobal/|https://www.instagram.com/lhi_group/|https://twitter.com/SciProGlobal|#;"+49 (0) 89 / 2109 4906|https://www.sciproglobal.com/de|document.writeln('<a href=""mailto:C.kalous'+'@'+'sciproglobal.de"">C.kalous'+'@'+'sciproglobal.de</a>');||||";
SciPro;;https://www.facebook.com/SciProGlobal/|https://www.instagram.com/lhi_group/|https://twitter.com/SciProGlobal|#;"+49 (0) 89 / 2109 4906|https://www.sciproglobal.com/de|document.writeln('<a href=""mailto:C.kalous'+'@'+'sciproglobal.de"">C.kalous'+'@'+'sciproglobal.de</a>');||||";
SciPro;;https://www.facebook.com/SciProGlobal/|https://www.instagram.com/lhi_group/|https://twitter.com/SciProGlobal|#;"+49 (0) 89 / 2109 4906|https://www.sciproglobal.com/de|document.writeln('<a href=""mailto:C.kalous'+'@'+'sciproglobal.de"">C.kalous'+'@'+'sciproglobal.de</a>');||||";
SciPro;;https://www.facebook.com/SciProGlobal/|https://www.instagram.com/lhi_group/|https://twitter.com/SciProGlobal|#;"+49 (0) 89 / 2109 4906|https://www.sciproglobal.com/de|document.writeln('<a href=""mailto:C.kalous'+'@'+'sciproglobal.de"">C.kalous'+'@'+'sciproglobal.de</a>');||||";
PMC International AG;;#|#|#|#;"06102 / 55 99 0|http://www.pmci.de|document.writeln('<a href=""mailto:frankfurt'+'@'+'pmci.de"">frankfurt'+'@'+'pmci.de</a>');||||";
Dunkel, Vögele & Associates GmbH;;#|#|#|#;"040 – 41 32 75 30|https://www.transportjobs.de/|document.writeln('<a href=""mailto:kenjiro.bonilla'+'@'+'dunkelvoegele.de"">kenjiro.bonilla'+'@'+'dunkelvoegele.de</a>');|";
Zeel GmbH;;https://www.facebook.com/Zeel-GmbH-Profis-im-Personal-256224434559350/|#|https://twitter.com/zeel_gmbh|#;"+49. 89. 189 04 67 - 0|https://zeel.ag|document.writeln('<a href=""mailto:muenchen'+'@'+'zeel.ag"">muenchen'+'@'+'zeel.ag</a>');||||";
SciPro;;https://www.facebook.com/SciProGlobal/|https://www.instagram.com/lhi_group/|https://twitter.com/SciProGlobal|#;"+49 (0) 89 / 2109 4906|https://www.sciproglobal.com/de|document.writeln('<a href=""mailto:C.kalous'+'@'+'sciproglobal.de"">C.kalous'+'@'+'sciproglobal.de</a>');||||";
ageneo Life Science Experts Interim Solutions GmbH;;https://www.facebook.com/ageneo.de/|https://www.instagram.com/ageneo_life_science_experts/|https://twitter.com/ageneo|#;"+49 (0)89 7263210 00|https://www.ageneo.de|document.writeln('<a href=""mailto:info'+'@'+'ageneo.de"">info'+'@'+'ageneo.de</a>');||";
SciPro;;https://www.facebook.com/SciProGlobal/|https://www.instagram.com/lhi_group/|https://twitter.com/SciProGlobal|#;"+49 (0) 89 / 2109 4906|https://www.sciproglobal.com/de|document.writeln('<a href=""mailto:C.kalous'+'@'+'sciproglobal.de"">C.kalous'+'@'+'sciproglobal.de</a>');||||";
Gulp GmbH;;https://web.facebook.com/GULP.Jobs/?_rdc=1&_rdr|https://www.instagram.com/gulp_karriere/|https://twitter.com/GULP_News|https://plus.google.com/+gulpde;"+49 89 500316-999|https://www.gulp.de|document.writeln('<a href=""mailto:info'+'@'+'gulp.de"">info'+'@'+'gulp.de</a>');||||";
ReJo Personalberatung;;https://www.facebook.com/ReJoPersonalberatung|#|https://twitter.com/ReJo_Personal|#;"+49 3643 4318-12|http://www.rejo-personalberatung.de|document.writeln('<a href=""mailto:info'+'@'+'rejo-personalberatung.de"">info'+'@'+'rejo-personalberatung.de</a>');||";
ageneo Life Science Experts Interim Solutions GmbH;;https://www.facebook.com/ageneo.de/|https://www.instagram.com/ageneo_life_science_experts/|https://twitter.com/ageneo|#;"+49 (0)89 7263210 00|https://www.ageneo.de|document.writeln('<a href=""mailto:info'+'@'+'ageneo.de"">info'+'@'+'ageneo.de</a>');||";
ABALON Recruitment GmbH;;https://www.facebook.com/Abalongroup|https://www.instagram.com/abalon_group/|https://twitter.com/ABALON_IT|#;"089 - 12 50 34 60|https://www.headhunter-it.com|document.writeln('<a href=""mailto:info'+'@'+'abalongroup.de"">info'+'@'+'abalongroup.de</a>');||||";
Clearstone GmbH;;#|#|#|#;"+49 221 98653400|http://www.clearstone-recruiting.com/index.html|document.writeln('<a href=""mailto:INFO'+'@'+'CLEARSTONE-RECRUITING.COM"">INFO'+'@'+'CLEARSTONE-RECRUITING.COM</a>');||||";
DAHMEN Personalservice GmbH;;https://www.facebook.com/dahmenpersonalservice/?ref=hl|#|https://twitter.com/DahmenPersonal|#;"+49 (0) 211 87 66 78 – 0|http://dahmen-personal.de|document.writeln('<a href=""mailto:kontakt'+'@'+'dahmen-personal.de"">kontakt'+'@'+'dahmen-personal.de</a>');|||";
Zeel GmbH;;https://www.facebook.com/Zeel-GmbH-Profis-im-Personal-256224434559350/|#|https://twitter.com/zeel_gmbh|#;"+49. 89. 189 04 67 - 0|https://zeel.ag|document.writeln('<a href=""mailto:muenchen'+'@'+'zeel.ag"">muenchen'+'@'+'zeel.ag</a>');||||";
expertum Holding GmbH;;https://www.facebook.com/expertumgruppe|#|#|#;"040 226 30 01 - 30|https://expertum-gruppe.de|document.writeln('<a href=""mailto:info'+'@'+'expertum-gruppe.de"">info'+'@'+'expertum-gruppe.de</a>');||||";
Grupo Norconsulting SL;;#|#|#|#;"+49 152 900 397 84|https://www.norconsulting.de|document.writeln('<a href=""mailto:y.hoch'+'@'+'norconsulting.de"">y.hoch'+'@'+'norconsulting.de</a>');||||";
Grupo Norconsulting SL;;#|#|#|#;"+49 152 900 397 84|https://www.norconsulting.de|document.writeln('<a href=""mailto:y.hoch'+'@'+'norconsulting.de"">y.hoch'+'@'+'norconsulting.de</a>');||||";
ABALON Recruitment GmbH;;https://www.facebook.com/Abalongroup|https://www.instagram.com/abalon_group/|https://twitter.com/ABALON_IT|#;"089 - 12 50 34 60|https://www.headhunter-it.com|document.writeln('<a href=""mailto:info'+'@'+'abalongroup.de"">info'+'@'+'abalongroup.de</a>');||||";
Greifenberg Personalberatung & Recruitment;;https://www.facebook.com/greifenberg.de/|#|https://twitter.com/greifenbergjobs|#;"+49 (0) 89 / 9390 990-55|http://greifenberg.de|document.writeln('<a href=""mailto:info'+'@'+'greifenberg.de"">info'+'@'+'greifenberg.de</a>');||||";
Rebel Recruiting;;#|#|#|#;"+49-221-64306442|http://rebelrecruiting.de|document.writeln('<a href=""mailto:hello'+'@'+'rebelrecruiting.com"">hello'+'@'+'rebelrecruiting.com</a>');||||";
Rebel Recruiting;;#|#|#|#;"+49-221-64306442|http://rebelrecruiting.de|document.writeln('<a href=""mailto:hello'+'@'+'rebelrecruiting.com"">hello'+'@'+'rebelrecruiting.com</a>');||||";
Greifenberg Personalberatung & Recruitment;;https://www.facebook.com/greifenberg.de/|#|https://twitter.com/greifenbergjobs|#;"+49 (0) 89 / 9390 990-55|http://greifenberg.de|document.writeln('<a href=""mailto:info'+'@'+'greifenberg.de"">info'+'@'+'greifenberg.de</a>');||||";
SkillRoad;;#|#|#|#;"https://www.skillroad.de/|document.writeln('<a href=""mailto:info'+'@'+'skillroad.de"">info'+'@'+'skillroad.de</a>');|";
SWISSCONSULT;;#|#|#|#;"+49 (0)211 176076-40|http://www.swissconsult.org|document.writeln('<a href=""mailto:sc-d'+'@'+'swissconsult.org"">sc-d'+'@'+'swissconsult.org</a>');|||";
Greifenberg Personalberatung & Recruitment;;https://www.facebook.com/greifenberg.de/|#|https://twitter.com/greifenbergjobs|#;"+49 (0) 89 / 9390 990-55|http://greifenberg.de|document.writeln('<a href=""mailto:info'+'@'+'greifenberg.de"">info'+'@'+'greifenberg.de</a>');||||";
Das Kontaktwerk;;#|#|#|#;"www.daskontaktwerk.de|document.writeln('<a href=""mailto:info'+'@'+'daskontaktwerk.de"">info'+'@'+'daskontaktwerk.de</a>');||";
Rebel Recruiting;;#|#|#|#;"+49-221-64306442|http://rebelrecruiting.de|document.writeln('<a href=""mailto:hello'+'@'+'rebelrecruiting.com"">hello'+'@'+'rebelrecruiting.com</a>');||||";
Greifenberg Personalberatung & Recruitment;;https://www.facebook.com/greifenberg.de/|#|https://twitter.com/greifenbergjobs|#;"+49 (0) 89 / 9390 990-55|http://greifenberg.de|document.writeln('<a href=""mailto:info'+'@'+'greifenberg.de"">info'+'@'+'greifenberg.de</a>');||||";
MTSCONSULT;;#|#|#|#;"+49 (0) 2102 7020575|www.mtsconsult.de|document.writeln('<a href=""mailto:admin'+'@'+'mtsconsult.de"">admin'+'@'+'mtsconsult.de</a>');|";
Schwertfels Consulting GmbH;;https://www.facebook.com/schwertfels/?ref=settings|https://www.instagram.com/schwertfels/|#|#;"089 / 21 70 49 020|document.writeln('<a href=""mailto:info'+'@'+'schwertfels.de"">info'+'@'+'schwertfels.de</a>');";
SWISSCONSULT;;#|#|#|#;"+49 (0)211 176076-40|http://www.swissconsult.org|document.writeln('<a href=""mailto:sc-d'+'@'+'swissconsult.org"">sc-d'+'@'+'swissconsult.org</a>');|||";
Active IT Recruitment;;#|#|#|#;"+49 (0) 211-97532670|https://active-it-recruitment.com/|document.writeln('<a href=""mailto:info'+'@'+'active-it-recruitment.com"">info'+'@'+'active-it-recruitment.com</a>');|";
Rebel Recruiting;;#|#|#|#;"+49-221-64306442|http://rebelrecruiting.de|document.writeln('<a href=""mailto:hello'+'@'+'rebelrecruiting.com"">hello'+'@'+'rebelrecruiting.com</a>');||||";
SKILLs HR Experts GmbH;;#|#|#|#;"+49 (0)40|226 385 30|https://www.skills-experts.de/|document.writeln('<a href=""mailto:kontakt'+'@'+'skills-experts.de"">kontakt'+'@'+'skills-experts.de</a>');||||";
INDIE Solutions GmbH;;https://www.facebook.com/SolutionsIndie|https://www.instagram.com/indie.solutions|https://twitter.com/SolutionsIndie|#;"0391/24274612|www.indie-solutions.de|document.writeln('<a href=""mailto:info'+'@'+'indie-solutions.de"">info'+'@'+'indie-solutions.de</a>');||||";
SKILLs HR Experts GmbH;;#|#|#|#;"+49 (0)40|226 385 30|https://www.skills-experts.de/|document.writeln('<a href=""mailto:kontakt'+'@'+'skills-experts.de"">kontakt'+'@'+'skills-experts.de</a>');||||";
INDIE Solutions GmbH;;https://www.facebook.com/SolutionsIndie|https://www.instagram.com/indie.solutions|https://twitter.com/SolutionsIndie|#;"0391/24274612|www.indie-solutions.de|document.writeln('<a href=""mailto:info'+'@'+'indie-solutions.de"">info'+'@'+'indie-solutions.de</a>');||||";
Rebel Recruiting;;#|#|#|#;"+49-221-64306442|http://rebelrecruiting.de|document.writeln('<a href=""mailto:hello'+'@'+'rebelrecruiting.com"">hello'+'@'+'rebelrecruiting.com</a>');||||";
INDIE Solutions GmbH;;https://www.facebook.com/SolutionsIndie|https://www.instagram.com/indie.solutions|https://twitter.com/SolutionsIndie|#;"0391/24274612|www.indie-solutions.de|document.writeln('<a href=""mailto:info'+'@'+'indie-solutions.de"">info'+'@'+'indie-solutions.de</a>');||||";
Rebel Recruiting;;#|#|#|#;"+49-221-64306442|http://rebelrecruiting.de|document.writeln('<a href=""mailto:hello'+'@'+'rebelrecruiting.com"">hello'+'@'+'rebelrecruiting.com</a>');||||";
PersonalHelden;;#|#|#|#;"+49 (541) 385 943 65|https://personalhelden.eu/|document.writeln('<a href=""mailto:info'+'@'+'personalhelden.eu"">info'+'@'+'personalhelden.eu</a>');";
Schwertfels Consulting GmbH;;https://www.facebook.com/schwertfels/?ref=settings|https://www.instagram.com/schwertfels/|#|#;"089 / 21 70 49 020|document.writeln('<a href=""mailto:info'+'@'+'schwertfels.de"">info'+'@'+'schwertfels.de</a>');";
pbb Buddensiek GmbH;;https://www.facebook.com/pbbBuddensiek/|#|#|#;"+49 6171 / 88 76 89 - 0|https://www.pbb-personal.de|document.writeln('<a href=""mailto:frankfurt'+'@'+'pbb-personal.de"">frankfurt'+'@'+'pbb-personal.de</a>');||||";
pbb Buddensiek GmbH;;https://www.facebook.com/pbbBuddensiek/|#|#|#;"+49 6171 / 88 76 89 - 0|https://www.pbb-personal.de|document.writeln('<a href=""mailto:frankfurt'+'@'+'pbb-personal.de"">frankfurt'+'@'+'pbb-personal.de</a>');||||";
SYNSERO Experts;;#|#|#|#;"089 2488912-0|https://synsero.de|document.writeln('<a href=""mailto:info'+'@'+'synsero.de"">info'+'@'+'synsero.de</a>');||";
SYNSERO Experts;;#|#|#|#;"089 2488912-0|https://synsero.de|document.writeln('<a href=""mailto:info'+'@'+'synsero.de"">info'+'@'+'synsero.de</a>');||";
CARELOOP;;#|#|#|#;"+49 (0) 3043020987|https://careloop.io|document.writeln('<a href=""mailto:info'+'@'+'careloop.io"">info'+'@'+'careloop.io</a>');||";
GO-NEXT it recruitment;;#|#|#|#;"+49 (0) 89 / 2153 6940|www.go-next.de|document.writeln('<a href=""mailto:info'+'@'+'go-next.de"">info'+'@'+'go-next.de</a>');||";
CARELOOP;;#|#|#|#;"+49 (0) 3043020987|https://careloop.io|document.writeln('<a href=""mailto:info'+'@'+'careloop.io"">info'+'@'+'careloop.io</a>');||";
HAAS - Zeitarbeit & Vermittlung;;#|#|#|#;"089 / 45 20 5000|https://www.haaspersonal.de|document.writeln('<a href=""mailto:INFO'+'@'+'HAASPERSONAL.DE"">INFO'+'@'+'HAASPERSONAL.DE</a>');|";
Roger Germ AG;;#|#|#|#;"+41 44 851 40 00|www.rogergerm.ch|document.writeln('<a href=""mailto:info'+'@'+'rogergerm.ch"">info'+'@'+'rogergerm.ch</a>');|";
